{"step_train_loss":0.32446810603141785,"train_step":41269,"epoch_valid_loss":0.3152317810552053,"epoch_train_loss":0.3170178330692738,"_runtime":3063,"_wandb":{"runtime":3063},"_timestamp":1.7700799737247882e+09,"epoch":10,"_step":41279,"learning_rate":5.9999999999999995e-05}