{"epoch_valid_loss":0.34017347977831475,"epoch_train_loss":0.35556864872780614,"learning_rate":5.9999999999999995e-05,"_timestamp":1.770080855176862e+09,"epoch":2,"_wandb":{"runtime":632},"step_train_loss":0.3476812541484833,"train_step":8253,"_step":8255,"_runtime":632}