{"train_step":375,"learning_rate":0.0005365565633408069,"_timestamp":1.770141948187901e+09,"_step":375,"_wandb":{"runtime":39},"_runtime":39,"step_train_loss":0.6249334812164307}