{"epoch_valid_loss":0.09594791932822833,"learning_rate":5.9999999999999995e-05,"epoch":10,"step_train_loss":0.0907648429274559,"epoch_train_loss":0.09864042070570121,"train_step":41259,"_timestamp":1.7702466618732865e+09,"_wandb":{"runtime":8163},"_step":41269,"_runtime":8163}