{"_timestamp":1.770076489918155e+09,"_runtime":321,"epoch_valid_loss":0.36343017168554087,"epoch":1,"train_step":4126,"_step":4127,"learning_rate":0.0005883396040185213,"epoch_train_loss":0.4805175511115453,"step_train_loss":0.36772218346595764,"_wandb":{"runtime":321}}